SegmentId,ObjectId,ObjectName,Score
m_TRTwbPPL41Wg69Xo_000001,m_TRTwbPPL41Wg69Xo,b312.obj,0.995924346076833
m_nskUhwRjliRWpgnT_000001,m_nskUhwRjliRWpgnT,b311.obj,0.971718532903482
m_nHhtC8MygXv4Hf9s_000001,m_nHhtC8MygXv4Hf9s,b307.obj,0.950837453108085
m_JwpMj9HUVu2POIV1_000001,m_JwpMj9HUVu2POIV1,b25.obj,0.944066574070806
m_7F7oo9ayCU2HyXb7_000001,m_7F7oo9ayCU2HyXb7,b315.obj,0.939305244761322
m_8RGexiVHNqJeNDyo_000001,m_8RGexiVHNqJeNDyo,b308.obj,0.938664687582534
m_EbSaNDWt7dxh9fJ6_000001,m_EbSaNDWt7dxh9fJ6,b317.obj,0.937756897268495
m_E1St0avtYxkhlPRi_000001,m_E1St0avtYxkhlPRi,b72.obj,0.93379632107651
m_wxh9OwfXXzh8LvaL_000001,m_wxh9OwfXXzh8LvaL,b84.obj,0.927888890085447
m_m0WtfHFVNMZRSS6Y_000001,m_m0WtfHFVNMZRSS6Y,b120.obj,0.924504323551041
m_B8XwOSAX1V5oHAei_000001,m_B8XwOSAX1V5oHAei,b319.obj,0.922245153644692
m_3e0iysjWueZ8mWyt_000001,m_3e0iysjWueZ8mWyt,b322.obj,0.921125194842084
m_QzrcjFVAMy7bDjn7_000001,m_QzrcjFVAMy7bDjn7,b318.obj,0.92019941838725
m_gDebGjSZZuCxjUot_000001,m_gDebGjSZZuCxjUot,b323.obj,0.919320956345031
m_mbZUa7w8MRFwpwgo_000001,m_mbZUa7w8MRFwpwgo,b405.obj,0.908599850310526
m_zo0e5v75nvGEGy5r_000001,m_zo0e5v75nvGEGy5r,b313.obj,0.903334722466717
m_RZyQ3tgDl3Dw17Mn_000001,m_RZyQ3tgDl3Dw17Mn,b114.obj,0.902098343553069
m_pDBeUaa3KiuphLRc_000001,m_pDBeUaa3KiuphLRc,b4.obj,0.899368308609176
m_gwsAeHP0Yi7onFCd_000001,m_gwsAeHP0Yi7onFCd,b68.obj,0.897087880537159
m_ZoZSo9BWwYzw19rr_000001,m_ZoZSo9BWwYzw19rr,b305.obj,0.895831776178251
m_GUx1f5UyxW2iHanz_000001,m_GUx1f5UyxW2iHanz,b423.obj,0.894723446058744
m_pOiFmKHu1PKOe6My_000001,m_pOiFmKHu1PKOe6My,b171.obj,0.893309164953663
m_U3vFi0T1SRqbCI60_000001,m_U3vFi0T1SRqbCI60,b354.obj,0.884920366245008
m_vVY7BUZMnCwNhpPa_000001,m_vVY7BUZMnCwNhpPa,b28.obj,0.882784473707528
m_LteZlHu75lTWbU27_000001,m_LteZlHu75lTWbU27,b439.obj,0.882265454593145
m_ko9fJ9dF8iKME1A4_000001,m_ko9fJ9dF8iKME1A4,b64.obj,0.881461855946886
m_wYcdfkKzTenGcH4C_000001,m_wYcdfkKzTenGcH4C,b18.obj,0.879380954752068
m_E3fOIMY2NG6DVMMA_000001,m_E3fOIMY2NG6DVMMA,b310.obj,0.879374410702323
m_FnLNNJIPWqHIsJak_000001,m_FnLNNJIPWqHIsJak,b125.obj,0.87517935494382
m_oLDRtTJmCeDoyApd_000001,m_oLDRtTJmCeDoyApd,b446.obj,0.872190843363011
m_7TW4Q6okhbPKPzcN_000001,m_7TW4Q6okhbPKPzcN,b65.obj,0.871977182138044
m_AYQqQftM93ZPfor1_000001,m_AYQqQftM93ZPfor1,b42.obj,0.871705277537548
m_mmVeUXeMEyK5MSQL_000001,m_mmVeUXeMEyK5MSQL,b451.obj,0.871552338696771
m_hcelHAbq3ePhSBnM_000001,m_hcelHAbq3ePhSBnM,b320.obj,0.867086884402174
m_o7vz96y9JY9ABcEp_000001,m_o7vz96y9JY9ABcEp,b251.obj,0.866958895584049
m_ULEts5IoQ8eziRkb_000001,m_ULEts5IoQ8eziRkb,b455.obj,0.864311154398097
m_JcbwlhXID1r3nVC7_000001,m_JcbwlhXID1r3nVC7,b286.obj,0.864180926475375
m_0yy0of8sBc43UC4Q_000001,m_0yy0of8sBc43UC4Q,b321.obj,0.863279473627026
m_WghSawMYg0xExK7K_000001,m_WghSawMYg0xExK7K,b71.obj,0.862754363615019
m_x8dVVfYT6SNAiFfE_000001,m_x8dVVfYT6SNAiFfE,b245.obj,0.862565705724719
m_F9ZoIZC5NTwZiGeJ_000001,m_F9ZoIZC5NTwZiGeJ,b136.obj,0.862386524044945
m_plXt6oln2tlmp5I0_000001,m_plXt6oln2tlmp5I0,b250.obj,0.861193281214797
m_q0qEZ9eZ2pLG3zLJ_000001,m_q0qEZ9eZ2pLG3zLJ,b297.obj,0.859359054709749
m_G6LmoExa712qEDu2_000001,m_G6LmoExa712qEDu2,b11.obj,0.857065358610194
m_LbG1xbEgW07hKsNK_000001,m_LbG1xbEgW07hKsNK,b69.obj,0.852375114207662
m_Pg7kPml1X1S9sJlq_000001,m_Pg7kPml1X1S9sJlq,b142.obj,0.852078646096617
m_NVYSfRVI0P4rUq4Y_000001,m_NVYSfRVI0P4rUq4Y,b12.obj,0.849735476447872
m_jkDHzDdFlwOGWlWE_000001,m_jkDHzDdFlwOGWlWE,b261.obj,0.848496585205553
m_2FeMPSzgL1mrnOxk_000001,m_2FeMPSzgL1mrnOxk,b371.obj,0.847909553289037
m_BU9kE1vuGJjKwmZM_000001,m_BU9kE1vuGJjKwmZM,b425.obj,0.847541473814898
m_pIjWOTh9kBPgLkl6_000001,m_pIjWOTh9kBPgLkl6,b441.obj,0.847183350359414
m_agLnYbm5O9gCJJ3I_000001,m_agLnYbm5O9gCJJ3I,b241.obj,0.846772208105793
m_sJ9xhiSIgNGBQDTQ_000001,m_sJ9xhiSIgNGBQDTQ,b44.obj,0.84644015422526
m_D2E3E68VZfaprZg9_000001,m_D2E3E68VZfaprZg9,b404.obj,0.845983750071571
m_adtd2nfIEI0spw2W_000001,m_adtd2nfIEI0spw2W,b285.obj,0.845426492914993
m_s06eenTbSilqtyEG_000001,m_s06eenTbSilqtyEG,b153.obj,0.844715323973379
m_dlaygCCeUlcO9iE9_000001,m_dlaygCCeUlcO9iE9,b266.obj,0.844132357097946
m_5cgElFpsP9d07Xer_000001,m_5cgElFpsP9d07Xer,b152.obj,0.843860026001336
m_q3QQNNsKF4qyx65U_000001,m_q3QQNNsKF4qyx65U,b141.obj,0.842148950249122
m_CBA8r734F91HDF75_000001,m_CBA8r734F91HDF75,b268.obj,0.841887814675497
m_vo2KIaKznhVEIV97_000001,m_vo2KIaKznhVEIV97,b151.obj,0.84045232205276
m_QyD0FiOEYSqgnauE_000001,m_QyD0FiOEYSqgnauE,b431.obj,0.836908685795941
m_FiWLt9IcatcqKs8L_000001,m_FiWLt9IcatcqKs8L,b135.obj,0.835764649954914
m_QDT3uMg6DpP78ovL_000001,m_QDT3uMg6DpP78ovL,b35.obj,0.834051841562238
m_hCs5X4mmWTKq7YLo_000001,m_hCs5X4mmWTKq7YLo,b143.obj,0.829372726042674
m_WT2ADTodZbjbK4cb_000001,m_WT2ADTodZbjbK4cb,b119.obj,0.82866002438065
m_V7qhIHuhPDywCfZc_000001,m_V7qhIHuhPDywCfZc,b63.obj,0.826572232607995
m_NQBOIB9waqk5Ltlv_000001,m_NQBOIB9waqk5Ltlv,b364.obj,0.825600088028798
m_LpQozTJOSG1xuaeD_000001,m_LpQozTJOSG1xuaeD,b47.obj,0.823980349084937
m_Gq9EhkxHjki6Wc2c_000001,m_Gq9EhkxHjki6Wc2c,b421.obj,0.823528982916591
m_MgoaTvvGQSxYB7RJ_000001,m_MgoaTvvGQSxYB7RJ,b70.obj,0.821581041885224
m_5mFUbG90LMt6033N_000001,m_5mFUbG90LMt6033N,b113.obj,0.821564621784846
m_hVPR0F82cPlLHx5t_000001,m_hVPR0F82cPlLHx5t,b288.obj,0.819361076301328
m_6iVZpbXOXQDAIHdm_000001,m_6iVZpbXOXQDAIHdm,b2.obj,0.818468126719246
m_ErxWfK4RdLEwNjT0_000001,m_ErxWfK4RdLEwNjT0,b280.obj,0.81369351605422
m_ydkVCboYYQOjkBCi_000001,m_ydkVCboYYQOjkBCi,b111.obj,0.812790903669562
m_L0PPDLga5KoRmv3v_000001,m_L0PPDLga5KoRmv3v,b60.obj,0.811587451588693
m_CgU1TtkP4hPDP0Xu_000001,m_CgU1TtkP4hPDP0Xu,b246.obj,0.804286371242049
m_js020HwbpCFTXzFO_000001,m_js020HwbpCFTXzFO,b56.obj,0.803145267561804
m_LSlbhgzyT5NSSzh6_000001,m_LSlbhgzyT5NSSzh6,b314.obj,0.80302256996109
m_EbLMwHAc8JEsbhd9_000001,m_EbLMwHAc8JEsbhd9,b146.obj,0.802779173960194
m_NfSwDHxSQSnkXr1N_000001,m_NfSwDHxSQSnkXr1N,b401.obj,0.801768324858678
m_34RohDZW9TBOCI1j_000001,m_34RohDZW9TBOCI1j,b55.obj,0.799585064596568
m_ouRl3OhNNLLSttvR_000001,m_ouRl3OhNNLLSttvR,b248.obj,0.798652824060011
m_B4cMMdxMUPdDP3au_000001,m_B4cMMdxMUPdDP3au,b252.obj,0.796253423564273
m_FwKqapIECefqdXX8_000001,m_FwKqapIECefqdXX8,b237.obj,0.794325167994154
m_CJhzsEm5TJ2hgS8u_000001,m_CJhzsEm5TJ2hgS8u,b115.obj,0.793972895532229
m_zdADWzZQwboPRpgd_000001,m_zdADWzZQwboPRpgd,b279.obj,0.792012212929464
m_qBZQGDfbLh0YcT17_000001,m_qBZQGDfbLh0YcT17,b244.obj,0.791131591750669
m_H1mxdgAYCC5SZLaT_000001,m_H1mxdgAYCC5SZLaT,b172.obj,0.790521995524136
m_CZCYolsEIQxKBahU_000001,m_CZCYolsEIQxKBahU,b306.obj,0.79038222475087
m_Lt1aQp2Y2MOutPzT_000001,m_Lt1aQp2Y2MOutPzT,b0.obj,0.790003496201892
m_gq6hEm5Ew1SQYaiV_000001,m_gq6hEm5Ew1SQYaiV,b235.obj,0.789292380572292
m_InWDVlEfQgOroMWn_000001,m_InWDVlEfQgOroMWn,b48.obj,0.788752982940475
m_o8B49eFULSNik57y_000001,m_o8B49eFULSNik57y,b83.obj,0.786753702439419
m_T5VzDsGq6yC8YVER_000001,m_T5VzDsGq6yC8YVER,b427.obj,0.783760739305423
m_XAHdPznF1nneuDd8_000001,m_XAHdPznF1nneuDd8,b254.obj,0.781307453691318
m_vTRa1g01oQKjQtg0_000001,m_vTRa1g01oQKjQtg0,b50.obj,0.781105694373525
m_emR5x7rRpji3p42l_000001,m_emR5x7rRpji3p42l,b140.obj,0.780017756099454
m_ICbVOj8FbUrbK641_000001,m_ICbVOj8FbUrbK641,b395.obj,0.77741602318177
m_McAcAh1FnvSl2tup_000001,m_McAcAh1FnvSl2tup,b242.obj,0.777129084593265
m_9wPsfovSKcsX5ygl_000001,m_9wPsfovSKcsX5ygl,b388.obj,0.775232283111532
m_MJiy7Hw2pdRMfJb3_000001,m_MJiy7Hw2pdRMfJb3,b29.obj,0.773184275429484
m_rpDZThojQinjpk7k_000001,m_rpDZThojQinjpk7k,b79.obj,0.770308545414746
m_BD1mgyNdjGsdYI1O_000001,m_BD1mgyNdjGsdYI1O,b82.obj,0.770046916704989
m_JFaYZ5YwGF0UN2xB_000001,m_JFaYZ5YwGF0UN2xB,b139.obj,0.769739013166895
m_Mo8mvTIvG5tmfMFA_000001,m_Mo8mvTIvG5tmfMFA,b58.obj,0.7637819553546
m_WlLrrqiq9EKtnjLg_000001,m_WlLrrqiq9EKtnjLg,b293.obj,0.76130254685353
m_mgOjtPtxLpn5FQ5q_000001,m_mgOjtPtxLpn5FQ5q,b418.obj,0.760099401316743
m_f53UzTq1OmSCBwMP_000001,m_f53UzTq1OmSCBwMP,b287.obj,0.759721392479957
m_23jRSonmMXK1WK1w_000001,m_23jRSonmMXK1WK1w,b435.obj,0.759556071923878
m_zS9tJ1xfORhNxeMu_000001,m_zS9tJ1xfORhNxeMu,b296.obj,0.759003999360682
m_KXv2IHoN0ypKfPXJ_000001,m_KXv2IHoN0ypKfPXJ,b283.obj,0.758997122110849
m_j68jhNbC5GrPpbfv_000001,m_j68jhNbC5GrPpbfv,b275.obj,0.758272825085734
m_Lk6lECuWyyz0LUD9_000001,m_Lk6lECuWyyz0LUD9,b300.obj,0.757584113830107
m_S9kiDr5YbMs8V3WS_000001,m_S9kiDr5YbMs8V3WS,b27.obj,0.757314861502318
m_rR4UNpY3hvanbq9E_000001,m_rR4UNpY3hvanbq9E,b406.obj,0.756956658078812
m_6toNmgghq0cZMHIY_000001,m_6toNmgghq0cZMHIY,b247.obj,0.752912541960554
m_hFeufRKcU1IcNFqy_000001,m_hFeufRKcU1IcNFqy,b26.obj,0.752661815557704
m_LbyF0EtWv6hIYnbB_000001,m_LbyF0EtWv6hIYnbB,b383.obj,0.750856830692452
m_HlCNx2VsFKu6qNTs_000001,m_HlCNx2VsFKu6qNTs,b370.obj,0.75061303485145
m_ZfYHW5ukNZGCvxKu_000001,m_ZfYHW5ukNZGCvxKu,b408.obj,0.74989108355496
m_VkloM7BXh2EB2Wc1_000001,m_VkloM7BXh2EB2Wc1,b218.obj,0.748643502454325
m_rjtAE67cI1bR4ehY_000001,m_rjtAE67cI1bR4ehY,b138.obj,0.748051925688597
m_KdsADfZPghHOJ5Yv_000001,m_KdsADfZPghHOJ5Yv,b290.obj,0.747286711692572
m_PG4RacK9xlGPUqCW_000001,m_PG4RacK9xlGPUqCW,b249.obj,0.744439237045367
m_JMMlGUqSxVEaEqv2_000001,m_JMMlGUqSxVEaEqv2,b437.obj,0.744418258767774
m_QFwsgqMNnSc1joUU_000001,m_QFwsgqMNnSc1joUU,b291.obj,0.741865572903166
m_kjANx5Azs6OjC2zj_000001,m_kjANx5Azs6OjC2zj,b150.obj,0.741835558239164
m_a2jEmZRswIZUDBlh_000001,m_a2jEmZRswIZUDBlh,b264.obj,0.737962893558619
m_95LTe1Spm8YFQ1H8_000001,m_95LTe1Spm8YFQ1H8,b299.obj,0.737593574580149
m_lRle2hzvrktpA35M_000001,m_lRle2hzvrktpA35M,b214.obj,0.736493028014717
m_X3h7E3bl36RUV4Ul_000001,m_X3h7E3bl36RUV4Ul,b1.obj,0.73534074213949
m_9iclaFX2Qfnr7NO3_000001,m_9iclaFX2Qfnr7NO3,b149.obj,0.733436623583806
m_UoL0tg8r2G1tr4fH_000001,m_UoL0tg8r2G1tr4fH,b77.obj,0.733179286491194
m_IkpJHWOmq12Ln7ob_000001,m_IkpJHWOmq12Ln7ob,b5.obj,0.732820416667511
m_gftCiqY8nkwViT28_000001,m_gftCiqY8nkwViT28,b240.obj,0.730601623947927
m_yJzc61UWRErZvdpH_000001,m_yJzc61UWRErZvdpH,b174.obj,0.729307794674961
m_81Xhq6PSxTSzOvsG_000001,m_81Xhq6PSxTSzOvsG,b255.obj,0.727560733313153
m_Qfrgg0wbOhFByvS9_000001,m_Qfrgg0wbOhFByvS9,b304.obj,0.726918296885864
m_pPO6hteh8BmelHsg_000001,m_pPO6hteh8BmelHsg,b284.obj,0.726322002006877
m_wfCn6ckwv8g7hTjk_000001,m_wfCn6ckwv8g7hTjk,b341.obj,0.725660639814542
m_OLeAtcTb9AIMbnDP_000001,m_OLeAtcTb9AIMbnDP,b127.obj,0.725635743103904
m_Sk10fKXGyG58Ofp6_000001,m_Sk10fKXGyG58Ofp6,b253.obj,0.724183603804729
m_fMwtltIwRuVRByNz_000001,m_fMwtltIwRuVRByNz,b10.obj,0.72204032755328
m_aa1U9o5pIdocS3ht_000001,m_aa1U9o5pIdocS3ht,b353.obj,0.721467943112669
m_bOk7wConh44OETf0_000001,m_bOk7wConh44OETf0,b17.obj,0.720123680674256
m_SHnSM7ugJHuWy62s_000001,m_SHnSM7ugJHuWy62s,b21.obj,0.720092093305834
m_oZ9GaEbrHObnGwLx_000001,m_oZ9GaEbrHObnGwLx,b389.obj,0.718708859785031
m_N2Zxlk9Ucn3wqGkn_000001,m_N2Zxlk9Ucn3wqGkn,b380.obj,0.718447710883402
m_GRvEbtmxdJTtFVvx_000001,m_GRvEbtmxdJTtFVvx,b23.obj,0.718417669563393
m_U8UqIq1LSDsNAXTV_000001,m_U8UqIq1LSDsNAXTV,b75.obj,0.717887374958003
m_KUNSeF2FnBor4sCN_000001,m_KUNSeF2FnBor4sCN,b368.obj,0.714250242756257
m_QGzUqWS6Ji1cRp7I_000001,m_QGzUqWS6Ji1cRp7I,b148.obj,0.713345564531048
m_UA2y7K0hgVPJVTCW_000001,m_UA2y7K0hgVPJVTCW,b110.obj,0.71061311055451
m_1t2rmCFAxEQE8GOW_000001,m_1t2rmCFAxEQE8GOW,b212.obj,0.708297876401213
m_dxU3tanriPyhFvQi_000001,m_dxU3tanriPyhFvQi,b211.obj,0.706746416819557
m_xfVQSb9jy04gs8lC_000001,m_xfVQSb9jy04gs8lC,b239.obj,0.705320080535261
m_NDDVUxWWMkcTcSCi_000001,m_NDDVUxWWMkcTcSCi,b332.obj,0.70467407220302
m_1hVb0VeS5JwICDdZ_000001,m_1hVb0VeS5JwICDdZ,b94.obj,0.704285667523462
m_MFKTBmCnbhNK7WtN_000001,m_MFKTBmCnbhNK7WtN,b6.obj,0.702604926307336
m_HjL1oGv2eTvQDj41_000001,m_HjL1oGv2eTvQDj41,b133.obj,0.701855999131654
m_PcjzxQldhSyYeKmO_000001,m_PcjzxQldhSyYeKmO,b59.obj,0.701824971539381
m_ONnU8gEQIZuknvq3_000001,m_ONnU8gEQIZuknvq3,b453.obj,0.701503286845612
m_SiCylnsUny4hYvBO_000001,m_SiCylnsUny4hYvBO,b67.obj,0.701172245893349
m_pYOy5ItNBslUTk4e_000001,m_pYOy5ItNBslUTk4e,b39.obj,0.700465808392996
m_aEBuUypcfhSjgpsY_000001,m_aEBuUypcfhSjgpsY,b417.obj,0.700337939526903
m_qDirymYkhjb4dFiu_000001,m_qDirymYkhjb4dFiu,b238.obj,0.699555159222195
m_VySsZyENlfn6d2eI_000001,m_VySsZyENlfn6d2eI,b176.obj,0.698241124695842
m_yNfiGjpqrNr682ek_000001,m_yNfiGjpqrNr682ek,b273.obj,0.697297208828171
m_6Tsvl1ZiXWMXQBp9_000001,m_6Tsvl1ZiXWMXQBp9,b428.obj,0.696439391863456
m_qPBgVIdyXlWTnEPe_000001,m_qPBgVIdyXlWTnEPe,b386.obj,0.69504909450077
m_CimfikFUIrO2DDa7_000001,m_CimfikFUIrO2DDa7,b365.obj,0.694330661797218
m_fjm7M8HYr5CS4PVr_000001,m_fjm7M8HYr5CS4PVr,b434.obj,0.69206658052156
m_7arrIDkiETGJLMcW_000001,m_7arrIDkiETGJLMcW,b316.obj,0.691174297339656
m_NW8KN96Wk41xdvr0_000001,m_NW8KN96Wk41xdvr0,b41.obj,0.689968432890143
m_krqDo5exZImsCzLJ_000001,m_krqDo5exZImsCzLJ,b161.obj,0.688598180844801
m_XLfHBfBqvgw1Zt0o_000001,m_XLfHBfBqvgw1Zt0o,b22.obj,0.687841896611158
m_a79bTFxnMsrEE77m_000001,m_a79bTFxnMsrEE77m,b340.obj,0.68743072770153
m_aLb7Bk1fiOBicK1A_000001,m_aLb7Bk1fiOBicK1A,b51.obj,0.685907603455429
m_SupYQZWCLGXghU5K_000001,m_SupYQZWCLGXghU5K,b424.obj,0.685507630068786
m_hy8XjG9vwqkSr2Ua_000001,m_hy8XjG9vwqkSr2Ua,b360.obj,0.68460652374853
m_RoNjDkd3bEOuahhF_000001,m_RoNjDkd3bEOuahhF,b416.obj,0.682790050144214
m_VWHB9dhPRH9HHGSZ_000001,m_VWHB9dhPRH9HHGSZ,b276.obj,0.682655144092245
m_w1zmU0zktuWCphEZ_000001,m_w1zmU0zktuWCphEZ,b170.obj,0.682290170042934
m_aa4uXw4BiElyItez_000001,m_aa4uXw4BiElyItez,b40.obj,0.680988317311829
m_3pvtHJRY84QzUOc0_000001,m_3pvtHJRY84QzUOc0,b262.obj,0.678048372975969
m_7pIOFDpn5CIlhG6Y_000001,m_7pIOFDpn5CIlhG6Y,b430.obj,0.677387170719677
m_huUmqUrT0rtdDPmT_000001,m_huUmqUrT0rtdDPmT,b363.obj,0.674606122842183
m_v3RxrysMqL3kqjKa_000001,m_v3RxrysMqL3kqjKa,b243.obj,0.674458155346731
m_o5yAzUSkrqyWpW5K_000001,m_o5yAzUSkrqyWpW5K,b53.obj,0.674278787074907
m_ZoNayOy53CuGreSF_000001,m_ZoNayOy53CuGreSF,b232.obj,0.673062020318488
m_tjZhC2Gs7Vs7SSFk_000001,m_tjZhC2Gs7Vs7SSFk,b80.obj,0.672588369728201
m_j2kM5w91j6pJevTr_000001,m_j2kM5w91j6pJevTr,b419.obj,0.672152144171893
m_idBHr3aRwbwwOP1K_000001,m_idBHr3aRwbwwOP1K,b413.obj,0.67137328230023
m_NZJooNZhV5dri2Hi_000001,m_NZJooNZhV5dri2Hi,b347.obj,0.670261060403685
m_YNkeH1NDLPTF4Udn_000001,m_YNkeH1NDLPTF4Udn,b123.obj,0.669288142800282
m_jxlmAPgSGuHWvFk8_000001,m_jxlmAPgSGuHWvFk8,b61.obj,0.668044666724741
m_dFvLITYnjmuPlXml_000001,m_dFvLITYnjmuPlXml,b396.obj,0.665949931062234
m_qdxdT6HLed2xTKWc_000001,m_qdxdT6HLed2xTKWc,b19.obj,0.665076413709334
m_ZGjDmkUtdZUhG2eC_000001,m_ZGjDmkUtdZUhG2eC,b271.obj,0.663875320685094
m_iozvGsvOqMJ20820_000001,m_iozvGsvOqMJ20820,b147.obj,0.663658927219398
m_zxuQ5ocqSVMOjs87_000001,m_zxuQ5ocqSVMOjs87,b196.obj,0.663505495242489
m_jz4fpVximxs5GzQl_000001,m_jz4fpVximxs5GzQl,b373.obj,0.662852263132322
m_jxeSirJSXEABDDvx_000001,m_jxeSirJSXEABDDvx,b442.obj,0.66237082898796
m_iFMCo5cA0zJzZR4N_000001,m_iFMCo5cA0zJzZR4N,b209.obj,0.660611932358996
m_B5i3ulEAFtyrB8MN_000001,m_B5i3ulEAFtyrB8MN,b257.obj,0.660069962422494
m_ZrfcA2KfiVm65Xly_000001,m_ZrfcA2KfiVm65Xly,b31.obj,0.659228112406036
m_pNn82nXxLzFI2CJE_000001,m_pNn82nXxLzFI2CJE,b144.obj,0.658850023601229
m_r3MxJ21dW9IPVhd2_000001,m_r3MxJ21dW9IPVhd2,b385.obj,0.658252902386022
m_NWvNT3k1hlxECpKV_000001,m_NWvNT3k1hlxECpKV,b45.obj,0.655245811568259
m_qeI3cU1LbRZ9qNpR_000001,m_qeI3cU1LbRZ9qNpR,b54.obj,0.654565177082786
m_BgCbW5PlKlaOwVAi_000001,m_BgCbW5PlKlaOwVAi,b358.obj,0.654536415251117
m_T53zjojYeh2foJvn_000001,m_T53zjojYeh2foJvn,b449.obj,0.65435080947363
m_HuGiqaSiq6Vrs1Vr_000001,m_HuGiqaSiq6Vrs1Vr,b277.obj,0.654041439855145
m_DvFLjkUC2akStoCh_000001,m_DvFLjkUC2akStoCh,b372.obj,0.653546144587087
m_s20t2XvqoVCtABrh_000001,m_s20t2XvqoVCtABrh,b191.obj,0.653544145386554
m_rxh5b3bNrMChXthh_000001,m_rxh5b3bNrMChXthh,b132.obj,0.650049143014703
m_kS3mp0i1tVZHDKpo_000001,m_kS3mp0i1tVZHDKpo,b102.obj,0.647743984832092
m_pdYA7ayeSqPd4bMe_000001,m_pdYA7ayeSqPd4bMe,b391.obj,0.647278357699945
m_qX27KIywu5Qv7jLr_000001,m_qX27KIywu5Qv7jLr,b294.obj,0.647033122434559
m_n4If83dWaX4SCrMw_000001,m_n4If83dWaX4SCrMw,b407.obj,0.646346357067451
m_3Fgj21zeK6HUV2dU_000001,m_3Fgj21zeK6HUV2dU,b159.obj,0.646311437698141
m_khoRtAvyK96rDDCD_000001,m_khoRtAvyK96rDDCD,b447.obj,0.644907332523773
m_Q6JhRrNPQRvlvvgD_000001,m_Q6JhRrNPQRvlvvgD,b452.obj,0.644639279716303
m_6KsHTzKNG5XPgvMy_000001,m_6KsHTzKNG5XPgvMy,b256.obj,0.643018807732247
m_DkMkd32MJcvsPEPF_000001,m_DkMkd32MJcvsPEPF,b86.obj,0.641892271559885
m_mgEwMeRiOzXmBMLE_000001,m_mgEwMeRiOzXmBMLE,b390.obj,0.641769040839029
m_RwBWfuqBJ1ry5TkC_000001,m_RwBWfuqBJ1ry5TkC,b328.obj,0.640765495483459
m_Ie5GTmV7n7J7MSoP_000001,m_Ie5GTmV7n7J7MSoP,b324.obj,0.639342837728145
m_ImkTI4EDIxXRZnZj_000001,m_ImkTI4EDIxXRZnZj,b411.obj,0.637056898526658
m_uc966jpmpOlq2EXj_000001,m_uc966jpmpOlq2EXj,b134.obj,0.636082514842864
m_m3xrPmW0r4KJX5Cm_000001,m_m3xrPmW0r4KJX5Cm,b236.obj,0.632747608449698
m_FePUmyNun3n6l4LS_000001,m_FePUmyNun3n6l4LS,b49.obj,0.632388791938029
m_r6gdbXqhaI3CBUii_000001,m_r6gdbXqhaI3CBUii,b130.obj,0.63219657547078
m_pbPNkmBDa5kfnptP_000001,m_pbPNkmBDa5kfnptP,b221.obj,0.631958697263356
m_uU6qm2bNOofzwfQC_000001,m_uU6qm2bNOofzwfQC,b43.obj,0.629780048490476
m_8gf8XNxZUToB7mxw_000001,m_8gf8XNxZUToB7mxw,b346.obj,0.629776849769623
m_vw8vZQ46g3q6rIqy_000001,m_vw8vZQ46g3q6rIqy,b229.obj,0.627071824824398
m_HuiLfnZMAbOJWOaM_000001,m_HuiLfnZMAbOJWOaM,b116.obj,0.624923910427713
m_KSd5Bm4SWgPbkEh4_000001,m_KSd5Bm4SWgPbkEh4,b422.obj,0.62444164994713
m_D1MdvacFZns2TZMY_000001,m_D1MdvacFZns2TZMY,b57.obj,0.624125296454783
m_DXrCpS6B3eGrb6Ww_000001,m_DXrCpS6B3eGrb6Ww,b66.obj,0.622820031754768
m_JlFsJnzwJetv13Pj_000001,m_JlFsJnzwJetv13Pj,b38.obj,0.62052305696634
m_XvHt1MW5wHWtYWPN_000001,m_XvHt1MW5wHWtYWPN,b137.obj,0.620411474920589
m_brRJNDqu0wihvwSp_000001,m_brRJNDqu0wihvwSp,b436.obj,0.620181220331198
m_wGzv0MJw2buLkepF_000001,m_wGzv0MJw2buLkepF,b397.obj,0.619863240822417
m_PMNQWKWlx1C218io_000001,m_PMNQWKWlx1C218io,b374.obj,0.619268518647849
m_m4aDlzQwfcykDy50_000001,m_m4aDlzQwfcykDy50,b52.obj,0.6183250559323
m_DyE8uqBhS2EBD4bV_000001,m_DyE8uqBhS2EBD4bV,b96.obj,0.618171250771292
m_T3H0Hzc2rtS3O7kF_000001,m_T3H0Hzc2rtS3O7kF,b410.obj,0.617841089467263
m_BECVvlndH2PODwlm_000001,m_BECVvlndH2PODwlm,b384.obj,0.615586124546035
m_7r2KqV0Br1w0HcNr_000001,m_7r2KqV0Br1w0HcNr,b208.obj,0.614274142532229
m_gCRZVnZ6iqpFzSdE_000001,m_gCRZVnZ6iqpFzSdE,b398.obj,0.614125402012571
m_L3mip3YDPZEkfXBo_000001,m_L3mip3YDPZEkfXBo,b85.obj,0.614110341368556
m_wkQZvHkN81QGJWzo_000001,m_wkQZvHkN81QGJWzo,b200.obj,0.613850098771169
m_yIERXbygEBrD0PYc_000001,m_yIERXbygEBrD0PYc,b121.obj,0.613444687559076
m_e3lCA9a8DYXOLxZt_000001,m_e3lCA9a8DYXOLxZt,b402.obj,0.612726174887504
m_laZTAUb8iC4QoLLD_000001,m_laZTAUb8iC4QoLLD,b301.obj,0.612561040923475
m_1LZ2trXLyqi6EvfH_000001,m_1LZ2trXLyqi6EvfH,b81.obj,0.612309941336526
m_l8HVsCMl1nZvdgyu_000001,m_l8HVsCMl1nZvdgyu,b78.obj,0.611930946227477
m_Kzp9UmAqSy1CBO9l_000001,m_Kzp9UmAqSy1CBO9l,b415.obj,0.611875688324744
m_vnPsIOuxKwIBriDN_000001,m_vnPsIOuxKwIBriDN,b205.obj,0.611834851321855
m_lScXshsB8I1hReYv_000001,m_lScXshsB8I1hReYv,b106.obj,0.611375115167279
m_LfBVgWtZ34dg3V4D_000001,m_LfBVgWtZ34dg3V4D,b124.obj,0.610892348222561
m_cbkSMiTM3ClMUmq7_000001,m_cbkSMiTM3ClMUmq7,b357.obj,0.610835997423537
m_bbzX5AuaQ8bzFjxW_000001,m_bbzX5AuaQ8bzFjxW,b102_m.obj,0.610676594501036
m_D6J5RGx6ItOoKu2X_000001,m_D6J5RGx6ItOoKu2X,b375.obj,0.610607901970721
m_Btwoipo2n7AqUOWw_000001,m_Btwoipo2n7AqUOWw,b343.obj,0.608715911898271
m_Xru1IWCltKZONXvG_000001,m_Xru1IWCltKZONXvG,b8.obj,0.608602224027959
m_beATFO72Y3U2d6h7_000001,m_beATFO72Y3U2d6h7,b223.obj,0.606982631692137
m_QMrcovZcNUo000YG_000001,m_QMrcovZcNUo000YG,b231.obj,0.606749071757865
m_PAtFfXlDorxDuS7O_000001,m_PAtFfXlDorxDuS7O,b409.obj,0.605411766537307
m_C8b0m6MDD0GJn0eY_000001,m_C8b0m6MDD0GJn0eY,b259.obj,0.60399142785461
m_iO8I2RSGIwOAEe2m_000001,m_iO8I2RSGIwOAEe2m,b376.obj,0.602227200024225
m_K7P9ryRiixXKX10i_000001,m_K7P9ryRiixXKX10i,b210.obj,0.601118416752597
m_JYDDT4e6LMksSGEo_000001,m_JYDDT4e6LMksSGEo,b325.obj,0.600112525668402
m_reEndj7H5L4xkvcz_000001,m_reEndj7H5L4xkvcz,b369.obj,0.597108047139336
m_zmgFOypR3gjDFqXu_000001,m_zmgFOypR3gjDFqXu,b20.obj,0.596153522180837
m_1FBnfuqUOFwidQyV_000001,m_1FBnfuqUOFwidQyV,b194.obj,0.595592040047132
m_K2O0X4U59r6xWFLH_000001,m_K2O0X4U59r6xWFLH,b224.obj,0.593528172040855
m_6rEjVrwE2emrAnrL_000001,m_6rEjVrwE2emrAnrL,b270.obj,0.59299369244235
m_71zWmXvF037QBdwe_000001,m_71zWmXvF037QBdwe,b202.obj,0.591025146317489
m_AIbEbgFTcwc0hwqQ_000001,m_AIbEbgFTcwc0hwqQ,b188.obj,0.590933556277069
m_neiNkYQtOtHZdxP4_000001,m_neiNkYQtOtHZdxP4,b295.obj,0.589898370241063
m_fWzh8dlXB2Sb0P6d_000001,m_fWzh8dlXB2Sb0P6d,b36.obj,0.589000755857737
m_s221uon63szZmMFb_000001,m_s221uon63szZmMFb,b350.obj,0.588406673427341
m_0IEf3At3ZxfiR8cf_000001,m_0IEf3At3ZxfiR8cf,b195.obj,0.588327558398247
m_lT89D3DlP9CW3QGB_000001,m_lT89D3DlP9CW3QGB,b128.obj,0.588159412305415
m_tTzFxeLGyrftvt4z_000001,m_tTzFxeLGyrftvt4z,b433.obj,0.586542325634261
m_P3s6BGRZPcPFoFHz_000001,m_P3s6BGRZPcPFoFHz,b129.obj,0.586001048753944
m_WvBNBsKKNqHvGV3p_000001,m_WvBNBsKKNqHvGV3p,b302.obj,0.585219654561605
m_XkCbyzUOMpaaAlgp_000001,m_XkCbyzUOMpaaAlgp,b34.obj,0.58312278641853
m_rknlWbMtXxjMloJ5_000001,m_rknlWbMtXxjMloJ5,b292.obj,0.582622506477143
m_AUCTROsqzZW7Titi_000001,m_AUCTROsqzZW7Titi,b440.obj,0.58063591423547
m_70eqgWBexuA4G17g_000001,m_70eqgWBexuA4G17g,b117.obj,0.579929103551017
m_aa4IjmSA5znf4SxM_000001,m_aa4IjmSA5znf4SxM,b337.obj,0.579321613149046
m_jYucRB0J05ob046s_000001,m_jYucRB0J05ob046s,b260.obj,0.578817068246522
m_BUH1bwUPDxMgSouk_000001,m_BUH1bwUPDxMgSouk,b175.obj,0.57528530724087
m_CW91TdYrgxqMJN34_000001,m_CW91TdYrgxqMJN34,b222.obj,0.574858651191113
m_MMExuwLLRHz1PPyn_000001,m_MMExuwLLRHz1PPyn,b420.obj,0.574717987441609
m_lQyp9l1UGLAfsOKA_000001,m_lQyp9l1UGLAfsOKA,b158.obj,0.574147628857537
m_2q2MnI2Q5LPx8mpq_000001,m_2q2MnI2Q5LPx8mpq,b228.obj,0.573881575250601
m_YouAyGSdPiVKahpf_000001,m_YouAyGSdPiVKahpf,b109.obj,0.57276895351395
m_IH9JrDb5xPka2nU5_000001,m_IH9JrDb5xPka2nU5,b303.obj,0.572195236272983
m_rO06Gq4gcC0B5aiT_000001,m_rO06Gq4gcC0B5aiT,b33.obj,0.571802593288295
m_HupaoslHaNlUvUx1_000001,m_HupaoslHaNlUvUx1,b359.obj,0.570725690601167
m_NcDeQ5GlmjH8d3aM_000001,m_NcDeQ5GlmjH8d3aM,b429.obj,0.570000220711739
m_YZPKJPJBX3qK48LQ_000001,m_YZPKJPJBX3qK48LQ,b378.obj,0.569488558655317
m_6nx8hjw5gXwgYLeG_000001,m_6nx8hjw5gXwgYLeG,b183.obj,0.568063395235335
m_18fCKguG2BvAPKEN_000001,m_18fCKguG2BvAPKEN,b37.obj,0.567761489298839
m_yn0rUnZ4QkBq8PId_000001,m_yn0rUnZ4QkBq8PId,b348.obj,0.566468726266158
m_QNYuo41W9kJPZ6NX_000001,m_QNYuo41W9kJPZ6NX,b13.obj,0.565792010213729
m_bkMVkY5Zwu9BVEV3_000001,m_bkMVkY5Zwu9BVEV3,b227.obj,0.56425936977309
m_TuEHBSIK1UtUtQst_000001,m_TuEHBSIK1UtUtQst,b377.obj,0.56405020008532
m_h5SisXVCMHKIsP6u_000001,m_h5SisXVCMHKIsP6u,b74.obj,0.56401344145152
m_j1Bf89FvkAYRYhIJ_000001,m_j1Bf89FvkAYRYhIJ,b189.obj,0.563925156755981
m_z57GNsesPP18entI_000001,m_z57GNsesPP18entI,b108.obj,0.5638254632894
m_ZutL0zmn5ApYJYLo_000001,m_ZutL0zmn5ApYJYLo,b361.obj,0.563620798466832
m_ijEf28ZCKSGpBj0J_000001,m_ijEf28ZCKSGpBj0J,b7.obj,0.563486425535005
m_mDaxKiE4tRpNVv8O_000001,m_mDaxKiE4tRpNVv8O,b281.obj,0.563123397374213
m_ldLDpDg1LhZHHMvZ_000001,m_ldLDpDg1LhZHHMvZ,b30.obj,0.563078482002237
m_LZbLIlGOBvwwp5rN_000001,m_LZbLIlGOBvwwp5rN,b46.obj,0.561225596292213
m_gzCZVr1SmtZSMYTf_000001,m_gzCZVr1SmtZSMYTf,b126.obj,0.5607503463415
m_f60L0C4PUJWzsDvr_000001,m_f60L0C4PUJWzsDvr,b180.obj,0.558189423770697
m_VS8WiXCMbEG28OUu_000001,m_VS8WiXCMbEG28OUu,b24.obj,0.558110095493546
m_6xEcmRHKSHs6rBTO_000001,m_6xEcmRHKSHs6rBTO,b394.obj,0.558068752026523
m_5x2M2Y4CZbIy0fEz_000001,m_5x2M2Y4CZbIy0fEz,b326.obj,0.55798686477269
m_RVD9cZlKno0QwJCw_000001,m_RVD9cZlKno0QwJCw,b14.obj,0.557096180951212
m_orZl8m2SFhbWG2aU_000001,m_orZl8m2SFhbWG2aU,b105.obj,0.553221330478084
m_Gqyo8bHkGW4ttvWV_000001,m_Gqyo8bHkGW4ttvWV,b444.obj,0.549931392768908
m_U8yKkedcX9rXllhx_000001,m_U8yKkedcX9rXllhx,b450.obj,0.547666538469043
m_d1NchLDEuHijNPnl_000001,m_d1NchLDEuHijNPnl,b190.obj,0.547256195895636
m_hbDXZjOqu5dI2vl9_000001,m_hbDXZjOqu5dI2vl9,b382.obj,0.546069630395269
m_l0WFX26SxwVDsmCV_000001,m_l0WFX26SxwVDsmCV,b104.obj,0.544321476137169
m_j7jRC7NM28HTSYpg_000001,m_j7jRC7NM28HTSYpg,b3.obj,0.543755302546214
m_7YME3uzNuWKRiSz1_000001,m_7YME3uzNuWKRiSz1,b351.obj,0.542848944992557
m_ZeLcb9UiKzF2IAte_000001,m_ZeLcb9UiKzF2IAte,b336.obj,0.542289008907265
m_7arW4k8NLqUnKpbq_000001,m_7arW4k8NLqUnKpbq,b342.obj,0.541430898726472
m_MGNkR1LjQ6hiP1jh_000001,m_MGNkR1LjQ6hiP1jh,b400.obj,0.540598538248545
m_oqNa3i2eiXxkkfQD_000001,m_oqNa3i2eiXxkkfQD,b392.obj,0.539384197188772
m_Oe1FEhN1Mrz48Asy_000001,m_Oe1FEhN1Mrz48Asy,b122.obj,0.539198937939378
m_YYq4ZSdUNJmLEcAP_000001,m_YYq4ZSdUNJmLEcAP,b201.obj,0.538731338262704
m_37kpErmWkFpkxMMq_000001,m_37kpErmWkFpkxMMq,b233.obj,0.537494606156962
m_2bhxVLnMe8MfO3hN_000001,m_2bhxVLnMe8MfO3hN,b432.obj,0.536054435404978
m_LlZKzkSqKiUk6Vyj_000001,m_LlZKzkSqKiUk6Vyj,b274.obj,0.535987049019011
m_6FrSlWidZl8am5La_000001,m_6FrSlWidZl8am5La,b207.obj,0.534640227603916
m_4ZGQDqwC8bK7HMAD_000001,m_4ZGQDqwC8bK7HMAD,b381.obj,0.532902309252545
m_iV0iKRhoTZ0i6gq0_000001,m_iV0iKRhoTZ0i6gq0,b399.obj,0.531764204373099
m_6ASgZYArIzJgJgvz_000001,m_6ASgZYArIzJgJgvz,b225.obj,0.531194832061291
m_gMObtZVqQP0Uh4w6_000001,m_gMObtZVqQP0Uh4w6,b298.obj,0.530156953768568
m_AOe75nCTze39uLHn_000001,m_AOe75nCTze39uLHn,b334.obj,0.529921901097897
m_U5NovMoCWB0E8hgd_000001,m_U5NovMoCWB0E8hgd,b448.obj,0.528221780964604
m_Fx0yDeeK6wACxBmo_000001,m_Fx0yDeeK6wACxBmo,b226.obj,0.528096604355229
m_kmzV9MJQ3EhrLKQx_000001,m_kmzV9MJQ3EhrLKQx,b362.obj,0.526739067225277
m_tq09CLp7r9ccOD49_000001,m_tq09CLp7r9ccOD49,b73.obj,0.526204347722708
m_IM96leXdVKjg22qK_000001,m_IM96leXdVKjg22qK,b215.obj,0.525895511224365
m_VHGMXKx2k7Gqf8rU_000001,m_VHGMXKx2k7Gqf8rU,b267.obj,0.524737894147716
m_X6fEtjCMMJznl6Ba_000001,m_X6fEtjCMMJznl6Ba,b258.obj,0.522828311110576
m_pS71kNMUQKsGz2cO_000001,m_pS71kNMUQKsGz2cO,b438.obj,0.52191816840391
m_vbCLSSaUSiWLJ84K_000001,m_vbCLSSaUSiWLJ84K,b349.obj,0.521821940218253
m_3FVXKxs9ZPvaV8Ni_000001,m_3FVXKxs9ZPvaV8Ni,b426.obj,0.520856726200904
m_71j9WQIvOC5yZVDd_000001,m_71j9WQIvOC5yZVDd,b345.obj,0.519730190028542
m_nby8rVB54cLuLX54_000001,m_nby8rVB54cLuLX54,b99.obj,0.518521286794219
m_tnJF9m7iYwGMyw88_000001,m_tnJF9m7iYwGMyw88,b32.obj,0.514553646760352
m_w6JrBQzb7OPvJZXY_000001,m_w6JrBQzb7OPvJZXY,b216.obj,0.513790005468746
m_Zx94cYdrBxR2jY7C_000001,m_Zx94cYdrBxR2jY7C,b282.obj,0.510669226780672
m_x6ALPIC8LGjaIcPG_000001,m_x6ALPIC8LGjaIcPG,b112.obj,0.510390778130431
m_ky459g8tG4mSXGiv_000001,m_ky459g8tG4mSXGiv,b379.obj,0.508373718072634
m_MmmEzRGPGvNx881W_000001,m_MmmEzRGPGvNx881W,b335.obj,0.508133600760613
m_AFUTdw9BPwPhVfrb_000001,m_AFUTdw9BPwPhVfrb,b213.obj,0.507813622051299
m_InmuoV0kl2LXDDsQ_000001,m_InmuoV0kl2LXDDsQ,b192.obj,0.507708597383297
m_euBfLv0ar0yg5Kwl_000001,m_euBfLv0ar0yg5Kwl,b456.obj,0.507598934570058
m_E3UgYhBCHnHX2seg_000001,m_E3UgYhBCHnHX2seg,b179.obj,0.504679888543771
m_UOA8iHxuIXGTTjMm_000001,m_UOA8iHxuIXGTTjMm,b234.obj,0.503358070463342
m_HwDbA2o6LUPtmW3k_000001,m_HwDbA2o6LUPtmW3k,b220.obj,0.502585686001406
m_FbipPGSDGTEwFBIY_000001,m_FbipPGSDGTEwFBIY,b289.obj,0.501734506382461
m_vVAOsAPVttD4bv5L_000001,m_vVAOsAPVttD4bv5L,b329.obj,0.50053535924674
m_8FNOyMrNGOazOVyi_000001,m_8FNOyMrNGOazOVyi,b198.obj,0.49873090750163
m_NY6yg5m5aIA7dHyX_000001,m_NY6yg5m5aIA7dHyX,b181.obj,0.498451712483189
m_DXI8ukIo1v0mAGm4_000001,m_DXI8ukIo1v0mAGm4,b393.obj,0.497881380555125
m_smawtDKYrA31pgVu_000001,m_smawtDKYrA31pgVu,b118.obj,0.495576702180643
m_LpqEwZXMH5aPpzOQ_000001,m_LpqEwZXMH5aPpzOQ,b154.obj,0.494731813379375
m_W4a2Jb0lExWCwA9B_000001,m_W4a2Jb0lExWCwA9B,b145.obj,0.49422940095742
m_pE2fuLp4NJzdotkW_000001,m_pE2fuLp4NJzdotkW,b445.obj,0.494019671493501
m_2gaM4s6nXnIcwmey_000001,m_2gaM4s6nXnIcwmey,b366.obj,0.493712434355584
m_qsu7Ei0r5a84a9Eo_000001,m_qsu7Ei0r5a84a9Eo,b156.obj,0.493634172318718
m_55204zxS5x04tbYY_000001,m_55204zxS5x04tbYY,b454.obj,0.493140822939179
m_x9X2vfCuocarNRYe_000001,m_x9X2vfCuocarNRYe,b338.obj,0.49203481189229
m_Apl3neMrHWZ4jfGL_000001,m_Apl3neMrHWZ4jfGL,b265.obj,0.487577287759807
m_qKNK4E8FTduRuj9N_000001,m_qKNK4E8FTduRuj9N,b76.obj,0.487561507403599
m_BLXMrUMo0cfCA8gD_000001,m_BLXMrUMo0cfCA8gD,b193.obj,0.486896973146419
m_InETdrl4uYRWODkn_000001,m_InETdrl4uYRWODkn,b263.obj,0.486284364791083
m_mSyFq0FdCs4Kb55X_000001,m_mSyFq0FdCs4Kb55X,b9.obj,0.474806074882695
m_JIVnzRHlc7cyY4mH_000001,m_JIVnzRHlc7cyY4mH,b173.obj,0.47399967735569
m_bz4mztKAYV4uMG1k_000001,m_bz4mztKAYV4uMG1k,b206.obj,0.473683270551328
m_CrOsrr9DmZztGCwz_000001,m_CrOsrr9DmZztGCwz,b166.obj,0.469242219831238
m_MIfxmphz9o7tcOtK_000001,m_MIfxmphz9o7tcOtK,b155.obj,0.468127838798117
m_6REyeMw9K3buS1Hh_000001,m_6REyeMw9K3buS1Hh,b412.obj,0.467927438936685
m_iTR45qK52irYmQtY_000001,m_iTR45qK52irYmQtY,b387.obj,0.465614870384099
m_aviAgVJdecmoyDyx_000001,m_aviAgVJdecmoyDyx,b203.obj,0.464156253675197
m_kDMbwdHu1zwY0T27_000001,m_kDMbwdHu1zwY0T27,b16.obj,0.464087907672974
m_8Ti9F3Ss9QYmblgk_000001,m_8Ti9F3Ss9QYmblgk,b169.obj,0.459157132790311
m_iWRFwtqCfEua0unQ_000001,m_iWRFwtqCfEua0unQ,b217.obj,0.453982402130604
m_vNlvuEFaANXfEies_000001,m_vNlvuEFaANXfEies,b330.obj,0.452644270573826
m_zdr5eRwh2tDU6NSl_000001,m_zdr5eRwh2tDU6NSl,b339.obj,0.44930917758861
m_lmOzZf51rbSmdc0W_000001,m_lmOzZf51rbSmdc0W,b87.obj,0.447570832741126
m_fSrzENfVkzNobPjF_000001,m_fSrzENfVkzNobPjF,b98.obj,0.447043630232561
m_PwPJgdq1jVHD8DK2_000001,m_PwPJgdq1jVHD8DK2,b107.obj,0.444437685665753
m_cWjkAjJsDwGtCcfr_000001,m_cWjkAjJsDwGtCcfr,b131.obj,0.442893716422094
m_L1HY5sqg9YCcuR8h_000001,m_L1HY5sqg9YCcuR8h,b269.obj,0.44146847303409
m_UudmhM9WjinCm7U1_000001,m_UudmhM9WjinCm7U1,b278.obj,0.43081470673754
m_N5UFGdqCrKzltFQC_000001,m_N5UFGdqCrKzltFQC,b333.obj,0.418931458769181
m_926l94kd2LsB6ptB_000001,m_926l94kd2LsB6ptB,b160.obj,0.407499070505032
m_D1qfzUKB2bM1INu8_000001,m_D1qfzUKB2bM1INu8,b272.obj,0.399948010123738
m_2kC68hEPmmeRJRvw_000001,m_2kC68hEPmmeRJRvw,b414.obj,0.397466335862064
m_3icMbOB7RhsVQejW_000001,m_3icMbOB7RhsVQejW,b100.obj,0.395046663472922
m_9NHAF9ZWgz2EwcpB_000001,m_9NHAF9ZWgz2EwcpB,b443.obj,0.392401907759766
m_yqKHbOL27kwkXnUd_000001,m_yqKHbOL27kwkXnUd,b163.obj,0.391845330331369
m_6GR6PdfmffZqqc35_000001,m_6GR6PdfmffZqqc35,b403.obj,0.390959711151242
m_sp0Wq9ThRyGsQm3M_000001,m_sp0Wq9ThRyGsQm3M,b15.obj,0.387684061061875
m_yqcpMMdqb8u66oFF_000001,m_yqcpMMdqb8u66oFF,b168.obj,0.386292404242826
m_iXnbJG5yWpEBObse_000001,m_iXnbJG5yWpEBObse,b88.obj,0.382352486456349
m_kxNi90Ht1LxZIcig_000001,m_kxNi90Ht1LxZIcig,b204.obj,0.382332494451019
m_vnaHq9JLPN57vUBO_000001,m_vnaHq9JLPN57vUBO,b157.obj,0.380812995421884
m_cvImXvqoNefROWRt_000001,m_cvImXvqoNefROWRt,b331.obj,0.376306477548338
m_kT3o2jjImOguq97q_000001,m_kT3o2jjImOguq97q,b355.obj,0.366562267526298
m_kAH5fwNg04mfkt1m_000001,m_kAH5fwNg04mfkt1m,b62.obj,0.366011554419465
m_Pk7WKCmmig75eVx6_000001,m_Pk7WKCmmig75eVx6,b165.obj,0.365445967260666
m_H11KWhpqZwICdrcs_000001,m_H11KWhpqZwICdrcs,b186.obj,0.363019950741831
m_Rj9BM11HoRzkWnSJ_000001,m_Rj9BM11HoRzkWnSJ,b344.obj,0.35643794284291
m_PP5tnejndF7wUIZn_000001,m_PP5tnejndF7wUIZn,b93.obj,0.352908634189912
m_BrnrN2cylpTqj6Xg_000001,m_BrnrN2cylpTqj6Xg,b199.obj,0.350213285375267
m_j4iqSWYVhNgCSrhh_000001,m_j4iqSWYVhNgCSrhh,b219.obj,0.350158640560697
m_QJGcjigawyQVMjEP_000001,m_QJGcjigawyQVMjEP,b103.obj,0.339051348959227
m_0iCh3Frk9rv7VNNj_000001,m_0iCh3Frk9rv7VNNj,b230.obj,0.314503778702256
m_Vlfsk728jK2GSjXy_000001,m_Vlfsk728jK2GSjXy,b197.obj,0.312927822250068
m_OhZM2zmPbotcKscQ_000001,m_OhZM2zmPbotcKscQ,b185.obj,0.302302311321051
m_zkQ0Wafa4SXjt0SY_000001,m_zkQ0Wafa4SXjt0SY,b95.obj,0.281654354967811
m_DxMEhvcXSgupIWbz_000001,m_DxMEhvcXSgupIWbz,b164.obj,0.280595525053501
m_rJl98CQsOpV2PHPB_000001,m_rJl98CQsOpV2PHPB,b178.obj,0.277869895014783
m_YZE9FLCle2hoX8pu_000001,m_YZE9FLCle2hoX8pu,b162.obj,0.273857952697103
m_qeeYuSG6TZzPDB54_000001,m_qeeYuSG6TZzPDB54,b352.obj,0.262874131720553
m_O16CvpVsz4i2JJfG_000001,m_O16CvpVsz4i2JJfG,b327.obj,0.261646142785141
m_KFWV3JbOExzvq7DX_000001,m_KFWV3JbOExzvq7DX,b187.obj,0.249436945161876
m_RgkHDjSFagPq4t1q_000001,m_RgkHDjSFagPq4t1q,b89.obj,0.242813727075967
m_0dTSGocGx3mImdvm_000001,m_0dTSGocGx3mImdvm,b356.obj,0.204783974920323
m_kznWCvZikbpnWero_000001,m_kznWCvZikbpnWero,b91.obj,0.194879988791682
m_fghA7hQ0MszlFseT_000001,m_fghA7hQ0MszlFseT,b309.obj,0.182362647726259
m_jXaGJYFKHtsOEpjC_000001,m_jXaGJYFKHtsOEpjC,b177.obj,0.176813240230653
m_E2amBg4fxpdhMpUT_000001,m_E2amBg4fxpdhMpUT,b90.obj,0.139968027718835
m_ORhAcCh7fYLbZCog_000001,m_ORhAcCh7fYLbZCog,b167.obj,0.10374955124612
m_idgz6W8oQKod5jyN_000001,m_idgz6W8oQKod5jyN,b101.obj,0.0960892545477015
m_BKx0vHSDJ3PyYBA7_000001,m_BKx0vHSDJ3PyYBA7,b182.obj,0.0706875725110033
m_pYTlXCwVeZhdZEjh_000001,m_pYTlXCwVeZhdZEjh,b367.obj,0.0619598626639865
m_CgLNgSQkwIxdalcd_000001,m_CgLNgSQkwIxdalcd,b97.obj,0.059760208957506
m_HbZ7tiWcf3bDRTcj_000001,m_HbZ7tiWcf3bDRTcj,b184.obj,0.0421314185932473
m_5TYCOzeLFg9HVNLu_000001,m_5TYCOzeLFg9HVNLu,b92.obj,0.0388519833508713
